Display name,Username,Password
Saidu Kamara,SaiduKamara@UNIMTECH403.onmicrosoft.com,Dod19359
Judah  Dore,JudahDore@UNIMTECH403.onmicrosoft.com,Puy67627
Alris Kamara,AlrisKamara@UNIMTECH403.onmicrosoft.com,Hox52204
John Carney,JohnCarney@UNIMTECH403.onmicrosoft.com,Ruw44680
Noah Kanu,NoahKanu@UNIMTECH403.onmicrosoft.com,Qag47474
